Username,IP,Date,Time
admin,192.168.1.10,2025-08-04,01:05
john,203.0.113.5,2025-08-04,10:12
maria,192.168.1.50,2025-08-04,03:15
admin,203.0.113.5,2025-08-04,01:07
admin,203.0.113.5,2025-08-04,01:10
admin,203.0.113.5,2025-08-04,01:12
admin,203.0.113.5,2025-08-04,01:14
admin,203.0.113.5,2025-08-04,01:16
john,192.168.1.20,2025-08-05,09:30
maria,192.168.1.55,2025-08-05,22:45
susan,10.0.0.15,2025-08-05,00:05
alex,172.16.0.12,2025-08-05,14:20
maria,192.168.1.50,2025-08-05,03:20
admin,203.0.113.5,2025-08-05,01:18
alex,172.16.0.12,2025-08-05,15:05
john,203.0.113.6,2025-08-05,11:10
lisa,10.0.0.16,2025-08-06,05:50
mark,192.168.1.70,2025-08-06,23:30
alex,172.16.0.13,2025-08-06,01:25
susan,10.0.0.15,2025-08-06,01:35
lisa,10.0.0.16,2025-08-06,14:15
mark,192.168.1.70,2025-08-06,02:40
admin,203.0.113.5,2025-08-06,01:45
john,192.168.1.20,2025-08-06,08:10
maria,192.168.1.50,2025-08-06,03:00
susan,10.0.0.15,2025-08-06,00:55
alex,172.16.0.12,2025-08-06,19:20
lisa,10.0.0.16,2025-08-06,21:05
mark,192.168.1.70,2025-08-07,22:10
john,203.0.113.6,2025-08-07,02:15
alex,172.16.0.13,2025-08-07,01:55
admin,203.0.113.5,2025-08-07,00:30
maria,192.168.1.50,2025-08-07,04:00
susan,10.0.0.15,2025-08-07,01:10
lisa,10.0.0.16,2025-08-07,23:45
mark,192.168.1.70,2025-08-07,22:50
john,192.168.1.20,2025-08-07,09:00
alex,172.16.0.12,2025-08-07,18:30
susan,10.0.0.15,2025-08-07,05:00
maria,192.168.1.50,2025-08-07,03:35
admin,203.0.113.5,2025-08-07,01:20
john,203.0.113.6,2025-08-08,11:30
alex,172.16.0.13,2025-08-08,00:45
mark,192.168.1.70,2025-08-08,23:15
lisa,10.0.0.16,2025-08-08,22:10
susan,10.0.0.15,2025-08-08,01:00
admin,203.0.113.5,2025-08-08,01:05
maria,192.168.1.50,2025-08-08,02:25
john,192.168.1.20,2025-08-08,08:45
alex,172.16.0.12,2025-08-08,20:15
